method,context_length,position_ratio,repeat,correct,status,pred_digits,passkey,generated_text
Original,4096,0.1,0,1,ok,93810938,93810,93810. Remember it. 938
Original,4096,0.1,1,1,ok,24592245,24592,24592. Remember it. 245
Original,4096,0.1,2,1,ok,13278132,13278,13278. Remember it. 132
Original,4096,0.1,3,1,ok,46048460,46048,46048. Remember it. 460
Original,4096,0.1,4,1,ok,42098420,42098,42098. Remember it. 420
Original,4096,0.1,5,1,ok,39256392,39256,39256. Remember it. 392
Original,4096,0.1,6,1,ok,28289282,28289,28289. Remember it. 282
Original,4096,0.1,7,1,ok,23434234,23434,23434. Remember it. 234
Original,4096,0.1,8,1,ok,98696986,98696,98696. Remember it. 986
Original,4096,0.1,9,1,ok,81482814,81482,81482. Remember it. 814
Original,4096,0.3,0,1,ok,21395213,21395,21395. Remember it. 213
Original,4096,0.3,1,1,ok,87397873,87397,87397. Remember it. 873
Original,4096,0.3,2,1,ok,65302653,65302,65302. Remember it. 653
Original,4096,0.3,3,1,ok,14165141,14165,14165. Remember it. 141
Original,4096,0.3,4,1,ok,13905139,13905,13905. Remember it. 139
Original,4096,0.3,5,1,ok,22280222,22280,22280. Remember it. 222
Original,4096,0.3,6,1,ok,38657386,38657,38657. Remember it. 386
Original,4096,0.3,7,1,ok,40495404,40495,40495. Remember it. 404
Original,4096,0.3,8,1,ok,76237762,76237,76237. Remember it. 762
Original,4096,0.3,9,1,ok,88907889,88907,88907. Remember it. 889
Original,4096,0.5,0,1,ok,1347813478,13478,13478. 13478 is the
Original,4096,0.5,1,1,ok,83563835,83563,83563. Remember it. 835
Original,4096,0.5,2,1,ok,36062360,36062,36062. Remember it. 360
Original,4096,0.5,3,1,ok,95181951,95181,95181. Remember it. 951
Original,4096,0.5,4,1,ok,8142681426,81426,81426. 81426 is the
Original,4096,0.5,5,1,ok,6498764987,64987,64987. 64987 is the
Original,4096,0.5,6,1,ok,38893388,38893,38893. Remember it. 388
Original,4096,0.5,7,1,ok,68878688,68878,68878. Remember it. 688
Original,4096,0.5,8,1,ok,87236872,87236,87236. Remember it. 872
Original,4096,0.5,9,1,ok,46463464,46463,46463. Remember it. 464
Original,4096,0.7,0,1,ok,1085110851,10851,10851. 10851 is the
Original,4096,0.7,1,1,ok,30926309,30926,30926. Remember it. 309
Original,4096,0.7,2,1,ok,6539265392,65392,65392. 65392 is the
Original,4096,0.7,3,1,ok,54597545,54597,54597. Remember it. 545
Original,4096,0.7,4,1,ok,4642146421,46421,46421. 46421 is the
Original,4096,0.7,5,1,ok,30379303,30379,30379. Remember it. 303
Original,4096,0.7,6,1,ok,38221382,38221,38221. Remember it. 382
Original,4096,0.7,7,1,ok,54118541,54118,54118. Remember it. 541
Original,4096,0.7,8,1,ok,23396233,23396,23396. Remember it. 233
Original,4096,0.7,9,1,ok,22156221,22156,22156. Remember it. 221
Original,4096,0.9,0,1,ok,59797597,59797,59797. Remember it. 597
Original,4096,0.9,1,1,ok,22676226,22676,22676. Remember it. 226
Original,4096,0.9,2,1,ok,57052570,57052,57052. Remember it. 570
Original,4096,0.9,3,1,ok,55082550,55082,55082. Remember it. 550
Original,4096,0.9,4,1,ok,89131891,89131,89131. Remember it. 891
Original,4096,0.9,5,1,ok,44671446,44671,44671. Remember it. 446
Original,4096,0.9,6,1,ok,15695156,15695,15695. Remember it. 156
Original,4096,0.9,7,1,ok,70217702,70217,70217. Remember it. 702
Original,4096,0.9,8,1,ok,80284802,80284,80284. Remember it. 802
Original,4096,0.9,9,1,ok,26361263,26361,26361. Remember it. 263
Original,8192,0.1,0,1,ok,5961559615,59615,59615. 59615 is the
Original,8192,0.1,1,1,ok,2032820328,20328,20328. 20328 is the
Original,8192,0.1,2,1,ok,8235782357,82357,82357. 82357 is the
Original,8192,0.1,3,1,ok,4842748427,48427,48427. 48427 is the
Original,8192,0.1,4,1,ok,92397,92397,92397.  The pass key is
Original,8192,0.1,5,1,ok,9107091070,91070,91070. 91070 is the
Original,8192,0.1,6,1,ok,5740057400,57400,57400. 57400 is the
Original,8192,0.1,7,1,ok,8567485674,85674,85674. 85674 is the
Original,8192,0.1,8,1,ok,3520335203,35203,35203. 35203 is the
Original,8192,0.1,9,1,ok,1911619116,19116,19116. 19116 is the
Original,8192,0.3,0,1,ok,1600616006,16006,16006. 16006 is the
Original,8192,0.3,1,1,ok,9667396673,96673,96673. 96673 is the
Original,8192,0.3,2,1,ok,3987139871,39871,39871. 39871 is the
Original,8192,0.3,3,1,ok,4793047930,47930,47930. 47930 is the
Original,8192,0.3,4,1,ok,2045820458,20458,20458. 20458 is the
Original,8192,0.3,5,1,ok,4051240512,40512,40512. 40512 is the
Original,8192,0.3,6,1,ok,2323823238,23238,23238. 23238 is the
Original,8192,0.3,7,1,ok,5982359823,59823,59823. 59823 is the
Original,8192,0.3,8,1,ok,4643446434,46434,46434. 46434 is the
Original,8192,0.3,9,1,ok,6942969429,69429,69429. 69429 is the
Original,8192,0.5,0,1,ok,93320,93320,93320.  yellow.  The
Original,8192,0.5,1,1,ok,57819,57819,57819.  yellow.  The
Original,8192,0.5,2,1,ok,31319,31319,31319.  yellow.  The
Original,8192,0.5,3,1,ok,58520,58520,58520.  yellow.  The
Original,8192,0.5,4,1,ok,56566,56566,56566.  yellow.  The
Original,8192,0.5,5,1,ok,37460,37460,37460.  yellow.  The
Original,8192,0.5,6,1,ok,97841,97841,97841. Remember it.  yellow
Original,8192,0.5,7,1,ok,44993,44993,44993.  yellow.  The
Original,8192,0.5,8,1,ok,99593,99593,99593.  yellow.  The
Original,8192,0.5,9,1,ok,94939,94939,94939.  yellow.  The
Original,8192,0.7,0,1,ok,19358193,19358,19358. Remember it. 193
Original,8192,0.7,1,1,ok,89840898,89840,89840. Remember it. 898
Original,8192,0.7,2,1,ok,93227932,93227,93227. Remember it. 932
Original,8192,0.7,3,1,ok,3243132431,32431,32431. 32431 is the
Original,8192,0.7,4,1,ok,8001080010,80010,80010. 80010 is the
Original,8192,0.7,5,1,ok,42087420,42087,42087. Remember it. 420
Original,8192,0.7,6,1,ok,3141731417,31417,31417. 31417 is the
Original,8192,0.7,7,1,ok,70589705,70589,70589. Remember it. 705
Original,8192,0.7,8,1,ok,59735597,59735,59735. Remember it. 597
Original,8192,0.7,9,1,ok,4538245382,45382,45382. 45382 is the
Original,8192,0.9,0,1,ok,9388693886,93886,93886. 93886 is the
Original,8192,0.9,1,1,ok,8300083000,83000,83000. 83000 is the
Original,8192,0.9,2,1,ok,3878538785,38785,38785. 38785 is the
Original,8192,0.9,3,1,ok,9973399733,99733,99733. 99733 is the
Original,8192,0.9,4,1,ok,5250452504,52504,52504. 52504 is the
Original,8192,0.9,5,1,ok,1733117331,17331,17331. 17331 is the
Original,8192,0.9,6,1,ok,4002140021,40021,40021. 40021 is the
Original,8192,0.9,7,1,ok,1420714207,14207,14207. 14207 is the
Original,8192,0.9,8,1,ok,5134751347,51347,51347. 51347 is the
Original,8192,0.9,9,1,ok,6258162581,62581,62581. 62581 is the
Original,16384,0.1,0,0,ok,,45093,........
Original,16384,0.1,1,0,ok,,18675,........
Original,16384,0.1,2,0,ok,,37653,........
Original,16384,0.1,3,0,ok,,84341,........
Original,16384,0.1,4,0,ok,,51245,........
Original,16384,0.1,5,0,ok,,37869,........
Original,16384,0.1,6,0,ok,,95909,........
Original,16384,0.1,7,0,ok,,75435,........
Original,16384,0.1,8,0,ok,,61856,........
Original,16384,0.1,9,0,ok,,94259,........
Original,16384,0.3,0,0,ok,,70142,........
Original,16384,0.3,1,0,ok,,28726,........
Original,16384,0.3,2,0,ok,,44718,........
Original,16384,0.3,3,0,ok,,28301,........
Original,16384,0.3,4,0,ok,,42325,........
Original,16384,0.3,5,0,ok,,83579,........
Original,16384,0.3,6,0,ok,,80644,........
Original,16384,0.3,7,0,ok,,44438,........
Original,16384,0.3,8,0,ok,,86622,........
Original,16384,0.3,9,0,ok,,66155,........
Original,16384,0.5,0,0,ok,,86484,........
Original,16384,0.5,1,0,ok,,62350,........
Original,16384,0.5,2,0,ok,,57447,........
Original,16384,0.5,3,0,ok,,38746,........
Original,16384,0.5,4,0,ok,,28131,........
Original,16384,0.5,5,0,ok,,76784,........
Original,16384,0.5,6,0,ok,,74686,........
Original,16384,0.5,7,0,ok,,21915,........
Original,16384,0.5,8,0,ok,,16175,........
Original,16384,0.5,9,0,ok,,24371,........
Original,16384,0.7,0,0,ok,,30033,........
Original,16384,0.7,1,0,ok,,92240,........
Original,16384,0.7,2,0,ok,,30969,........
Original,16384,0.7,3,0,ok,,99192,........
Original,16384,0.7,4,0,ok,,65333,........
Original,16384,0.7,5,0,ok,,88172,........
Original,16384,0.7,6,0,ok,,18326,........
Original,16384,0.7,7,0,ok,,60432,........
Original,16384,0.7,8,0,ok,,60019,........
Original,16384,0.7,9,0,ok,,88104,........
Original,16384,0.9,0,0,ok,,71348,........
Original,16384,0.9,1,0,ok,,79352,........
Original,16384,0.9,2,0,ok,,42953,........
Original,16384,0.9,3,0,ok,,82512,........
Original,16384,0.9,4,0,ok,,11504,........
Original,16384,0.9,5,0,ok,,99166,........
Original,16384,0.9,6,0,ok,,25014,........
Original,16384,0.9,7,0,ok,,99353,........
Original,16384,0.9,8,0,ok,,80381,........
Original,16384,0.9,9,0,ok,,44973,........
Original,32768,0.1,0,0,ok,,94012,........
Original,32768,0.1,1,0,ok,,54587,........
Original,32768,0.1,2,0,ok,,24621,........
Original,32768,0.1,3,0,ok,,48469,........
Original,32768,0.1,4,0,ok,,66985,........
Original,32768,0.1,5,0,ok,,30730,........
Original,32768,0.1,6,0,ok,,69470,........
Original,32768,0.1,7,0,ok,,10425,........
Original,32768,0.1,8,0,ok,,44522,........
Original,32768,0.1,9,0,ok,,75612,........
Original,32768,0.3,0,0,ok,,33416,........
Original,32768,0.3,1,0,ok,,76542,........
Original,32768,0.3,2,0,ok,,23947,........
Original,32768,0.3,3,0,ok,,91959,........
Original,32768,0.3,4,0,ok,,49117,........
Original,32768,0.3,5,0,ok,,93748,........
Original,32768,0.3,6,0,ok,,76540,........
Original,32768,0.3,7,0,ok,,89818,........
Original,32768,0.3,8,0,ok,,36071,........
Original,32768,0.3,9,0,ok,,30032,........
Original,32768,0.5,0,0,ok,,59009,........
Original,32768,0.5,1,0,ok,,31174,........
Original,32768,0.5,2,0,ok,,80697,........
Original,32768,0.5,3,0,ok,,79514,........
Original,32768,0.5,4,0,ok,,10074,........
Original,32768,0.5,5,0,ok,,88504,........
Original,32768,0.5,6,0,ok,,52487,........
Original,32768,0.5,7,0,ok,,74042,........
Original,32768,0.5,8,0,ok,,12552,........
Original,32768,0.5,9,0,ok,,24662,........
Original,32768,0.7,0,0,ok,,57576,........
Original,32768,0.7,1,0,ok,,50306,........
Original,32768,0.7,2,0,ok,,41385,........
Original,32768,0.7,3,0,ok,,17592,........
Original,32768,0.7,4,0,ok,,41571,........
Original,32768,0.7,5,0,ok,,84364,........
Original,32768,0.7,6,0,ok,,20322,........
Original,32768,0.7,7,0,ok,,21226,........
Original,32768,0.7,8,0,ok,,73699,........
Original,32768,0.7,9,0,ok,,19071,........
Original,32768,0.9,0,0,ok,,79822,........
Original,32768,0.9,1,0,ok,,26483,........
Original,32768,0.9,2,0,ok,,26828,........
Original,32768,0.9,3,0,ok,,96474,........
Original,32768,0.9,4,0,ok,,72296,........
Original,32768,0.9,5,0,ok,,82063,........
Original,32768,0.9,6,0,ok,,31643,........
Original,32768,0.9,7,0,ok,,44741,........
Original,32768,0.9,8,0,ok,,79163,........
Original,32768,0.9,9,0,ok,,89507,........
Standard(re-inject),4096,0.1,0,1,ok,65461654,65461,65461. Remember it. 654
Standard(re-inject),4096,0.1,1,1,ok,37760377,37760,37760. Remember it. 377
Standard(re-inject),4096,0.1,2,1,ok,80686806,80686,80686. Remember it. 806
Standard(re-inject),4096,0.1,3,1,ok,36365363,36365,36365. Remember it. 363
Standard(re-inject),4096,0.1,4,1,ok,50857508,50857,50857. Remember it. 508
Standard(re-inject),4096,0.1,5,1,ok,62296622,62296,62296. Remember it. 622
Standard(re-inject),4096,0.1,6,1,ok,98039980,98039,98039. Remember it. 980
Standard(re-inject),4096,0.1,7,1,ok,95180951,95180,95180. Remember it. 951
Standard(re-inject),4096,0.1,8,1,ok,58944589,58944,58944. Remember it. 589
Standard(re-inject),4096,0.1,9,1,ok,67422674,67422,67422. Remember it. 674
Standard(re-inject),4096,0.3,0,1,ok,77839778,77839,77839. Remember it. 778
Standard(re-inject),4096,0.3,1,1,ok,69177691,69177,69177. Remember it. 691
Standard(re-inject),4096,0.3,2,1,ok,25860258,25860,25860. Remember it. 258
Standard(re-inject),4096,0.3,3,1,ok,42493424,42493,42493. Remember it. 424
Standard(re-inject),4096,0.3,4,1,ok,39451394,39451,39451. Remember it. 394
Standard(re-inject),4096,0.3,5,1,ok,18392183,18392,18392. Remember it. 183
Standard(re-inject),4096,0.3,6,1,ok,54313543,54313,54313. Remember it. 543
Standard(re-inject),4096,0.3,7,1,ok,12757127,12757,12757. Remember it. 127
Standard(re-inject),4096,0.3,8,1,ok,87110871,87110,87110. Remember it. 871
Standard(re-inject),4096,0.3,9,1,ok,82603826,82603,82603. Remember it. 826
Standard(re-inject),4096,0.5,0,1,ok,40161401,40161,40161. Remember it. 401
Standard(re-inject),4096,0.5,1,1,ok,87128871,87128,87128. Remember it. 871
Standard(re-inject),4096,0.5,2,1,ok,38864388,38864,38864. Remember it. 388
Standard(re-inject),4096,0.5,3,1,ok,10942109,10942,10942. Remember it. 109
Standard(re-inject),4096,0.5,4,1,ok,1930519305,19305,19305. 19305 is the
Standard(re-inject),4096,0.5,5,1,ok,92719927,92719,92719. Remember it. 927
Standard(re-inject),4096,0.5,6,1,ok,17716177,17716,17716. Remember it. 177
Standard(re-inject),4096,0.5,7,1,ok,4000740007,40007,40007. 40007 is the
Standard(re-inject),4096,0.5,8,1,ok,18834188,18834,18834. Remember it. 188
Standard(re-inject),4096,0.5,9,1,ok,14117141,14117,14117. Remember it. 141
Standard(re-inject),4096,0.7,0,1,ok,53309533,53309,53309. Remember it. 533
Standard(re-inject),4096,0.7,1,1,ok,19287192,19287,19287. Remember it. 192
Standard(re-inject),4096,0.7,2,1,ok,7739177391,77391,77391. 77391 is the
Standard(re-inject),4096,0.7,3,1,ok,41195411,41195,41195. Remember it. 411
Standard(re-inject),4096,0.7,4,1,ok,46500465,46500,46500. Remember it. 465
Standard(re-inject),4096,0.7,5,1,ok,97684976,97684,97684. Remember it. 976
Standard(re-inject),4096,0.7,6,1,ok,7362473624,73624,73624. 73624 is the
Standard(re-inject),4096,0.7,7,1,ok,38080380,38080,38080. Remember it. 380
Standard(re-inject),4096,0.7,8,1,ok,80678806,80678,80678. Remember it. 806
Standard(re-inject),4096,0.7,9,1,ok,27342273,27342,27342. Remember it. 273
Standard(re-inject),4096,0.9,0,1,ok,84847848,84847,84847. Remember it. 848
Standard(re-inject),4096,0.9,1,1,ok,85525855,85525,85525. Remember it. 855
Standard(re-inject),4096,0.9,2,1,ok,71953719,71953,71953. Remember it. 719
Standard(re-inject),4096,0.9,3,1,ok,41850418,41850,41850. Remember it. 418
Standard(re-inject),4096,0.9,4,1,ok,71993719,71993,71993. Remember it. 719
Standard(re-inject),4096,0.9,5,1,ok,63354633,63354,63354. Remember it. 633
Standard(re-inject),4096,0.9,6,1,ok,34957349,34957,34957. Remember it. 349
Standard(re-inject),4096,0.9,7,1,ok,22363223,22363,22363. Remember it. 223
Standard(re-inject),4096,0.9,8,1,ok,22704227,22704,22704. Remember it. 227
Standard(re-inject),4096,0.9,9,1,ok,96374963,96374,96374. Remember it. 963
Standard(re-inject),8192,0.1,0,1,ok,6649866498,66498,66498. 66498 is the
Standard(re-inject),8192,0.1,1,1,ok,5643856438,56438,56438. 56438 is the
Standard(re-inject),8192,0.1,2,1,ok,6551965519,65519,65519. 65519 is the
Standard(re-inject),8192,0.1,3,1,ok,6388363883,63883,63883. 63883 is the
Standard(re-inject),8192,0.1,4,1,ok,7121371213,71213,71213. 71213 is the
Standard(re-inject),8192,0.1,5,1,ok,1710017100,17100,17100. 17100 is the
Standard(re-inject),8192,0.1,6,1,ok,9825998259,98259,98259. 98259 is the
Standard(re-inject),8192,0.1,7,1,ok,95649956,95649,95649. Remember it. 956
Standard(re-inject),8192,0.1,8,1,ok,9469694696,94696,94696. 94696 is the
Standard(re-inject),8192,0.1,9,1,ok,2289922899,22899,22899. 22899 is the
Standard(re-inject),8192,0.3,0,1,ok,1794417944,17944,17944. 17944 is the
Standard(re-inject),8192,0.3,1,1,ok,6277262772,62772,62772. 62772 is the
Standard(re-inject),8192,0.3,2,1,ok,5447354473,54473,54473. 54473 is the
Standard(re-inject),8192,0.3,3,1,ok,2432224322,24322,24322. 24322 is the
Standard(re-inject),8192,0.3,4,1,ok,4259142591,42591,42591. 42591 is the
Standard(re-inject),8192,0.3,5,1,ok,3511235112,35112,35112. 35112 is the
Standard(re-inject),8192,0.3,6,1,ok,3493134931,34931,34931. 34931 is the
Standard(re-inject),8192,0.3,7,1,ok,8029280292,80292,80292. 80292 is the
Standard(re-inject),8192,0.3,8,1,ok,6880068800,68800,68800. 68800 is the
Standard(re-inject),8192,0.3,9,1,ok,2837328373,28373,28373. 28373 is the
Standard(re-inject),8192,0.5,0,1,ok,65296,65296,65296.  yellow.  The
Standard(re-inject),8192,0.5,1,1,ok,34050,34050,34050.  yellow.  The
Standard(re-inject),8192,0.5,2,1,ok,46509,46509,46509.  yellow.  The
Standard(re-inject),8192,0.5,3,1,ok,70637,70637,70637.  yellow.  The
Standard(re-inject),8192,0.5,4,1,ok,42742,42742,42742.  yellow.  The
Standard(re-inject),8192,0.5,5,1,ok,19880,19880,19880.  yellow.  The
Standard(re-inject),8192,0.5,6,1,ok,68082,68082,68082.  yellow.  The
Standard(re-inject),8192,0.5,7,1,ok,82132,82132,82132.  yellow.  The
Standard(re-inject),8192,0.5,8,1,ok,2283322833,22833,22833. 22833 is the
Standard(re-inject),8192,0.5,9,1,ok,16630,16630,16630.  yellow.  The
Standard(re-inject),8192,0.7,0,1,ok,9547795477,95477,95477. 95477 is the
Standard(re-inject),8192,0.7,1,1,ok,80855808,80855,80855. Remember it. 808
Standard(re-inject),8192,0.7,2,1,ok,11934119,11934,11934. Remember it. 119
Standard(re-inject),8192,0.7,3,1,ok,2222422224,22224,22224. 22224 is the
Standard(re-inject),8192,0.7,4,1,ok,4098240982,40982,40982. 40982 is the
Standard(re-inject),8192,0.7,5,1,ok,31798317,31798,31798. Remember it. 317
Standard(re-inject),8192,0.7,6,1,ok,6326963269,63269,63269. 63269 is the
Standard(re-inject),8192,0.7,7,1,ok,7365373653,73653,73653. 73653 is the
Standard(re-inject),8192,0.7,8,1,ok,7309273092,73092,73092. 73092 is the
Standard(re-inject),8192,0.7,9,1,ok,3801638016,38016,38016. 38016 is the
Standard(re-inject),8192,0.9,0,1,ok,6256562565,62565,62565. 62565 is the
Standard(re-inject),8192,0.9,1,1,ok,17685176,17685,17685. Remember it. 176
Standard(re-inject),8192,0.9,2,1,ok,3157931579,31579,31579. 31579 is the
Standard(re-inject),8192,0.9,3,1,ok,5967259672,59672,59672. 59672 is the
Standard(re-inject),8192,0.9,4,1,ok,1028210282,10282,10282. 10282 is the
Standard(re-inject),8192,0.9,5,1,ok,6117361173,61173,61173. 61173 is the
Standard(re-inject),8192,0.9,6,1,ok,4476044760,44760,44760. 44760 is the
Standard(re-inject),8192,0.9,7,1,ok,6963869638,69638,69638. 69638 is the
Standard(re-inject),8192,0.9,8,1,ok,4738847388,47388,47388. 47388 is the
Standard(re-inject),8192,0.9,9,1,ok,6544465444,65444,65444. 65444 is the
Standard(re-inject),16384,0.1,0,0,ok,,82845,........
Standard(re-inject),16384,0.1,1,0,ok,,96752,........
Standard(re-inject),16384,0.1,2,0,ok,,73788,........
Standard(re-inject),16384,0.1,3,0,ok,,30289,........
Standard(re-inject),16384,0.1,4,0,ok,,34890,........
Standard(re-inject),16384,0.1,5,0,ok,,48890,........
Standard(re-inject),16384,0.1,6,0,ok,,38534,........
Standard(re-inject),16384,0.1,7,0,ok,,17665,........
Standard(re-inject),16384,0.1,8,0,ok,,85914,........
Standard(re-inject),16384,0.1,9,0,ok,,81066,........
Standard(re-inject),16384,0.3,0,0,ok,,17989,........
Standard(re-inject),16384,0.3,1,0,ok,,51104,........
Standard(re-inject),16384,0.3,2,0,ok,,17492,........
Standard(re-inject),16384,0.3,3,0,ok,,16572,........
Standard(re-inject),16384,0.3,4,0,ok,,86569,........
Standard(re-inject),16384,0.3,5,0,ok,,72493,........
Standard(re-inject),16384,0.3,6,0,ok,,75909,........
Standard(re-inject),16384,0.3,7,0,ok,,79615,........
Standard(re-inject),16384,0.3,8,0,ok,,30635,........
Standard(re-inject),16384,0.3,9,0,ok,,17455,........
Standard(re-inject),16384,0.5,0,0,ok,,76562,........
Standard(re-inject),16384,0.5,1,0,ok,,20500,........
Standard(re-inject),16384,0.5,2,0,ok,,34356,........
Standard(re-inject),16384,0.5,3,0,ok,,18981,........
Standard(re-inject),16384,0.5,4,0,ok,,87992,........
Standard(re-inject),16384,0.5,5,0,ok,,18907,........
Standard(re-inject),16384,0.5,6,0,ok,,98501,........
Standard(re-inject),16384,0.5,7,0,ok,,40828,........
Standard(re-inject),16384,0.5,8,0,ok,,62923,........
Standard(re-inject),16384,0.5,9,0,ok,,25713,........
Standard(re-inject),16384,0.7,0,0,ok,,84668,........
Standard(re-inject),16384,0.7,1,0,ok,,42271,........
Standard(re-inject),16384,0.7,2,0,ok,,85880,........
Standard(re-inject),16384,0.7,3,0,ok,,87924,........
Standard(re-inject),16384,0.7,4,0,ok,,15209,........
Standard(re-inject),16384,0.7,5,0,ok,,91183,........
Standard(re-inject),16384,0.7,6,0,ok,,20745,........
Standard(re-inject),16384,0.7,7,0,ok,,64948,........
Standard(re-inject),16384,0.7,8,0,ok,,96163,........
Standard(re-inject),16384,0.7,9,0,ok,,86503,........
Standard(re-inject),16384,0.9,0,0,ok,,84085,........
Standard(re-inject),16384,0.9,1,0,ok,,78522,........
Standard(re-inject),16384,0.9,2,0,ok,,51467,........
Standard(re-inject),16384,0.9,3,0,ok,,44179,........
Standard(re-inject),16384,0.9,4,0,ok,,36772,........
Standard(re-inject),16384,0.9,5,0,ok,,97782,........
Standard(re-inject),16384,0.9,6,0,ok,,51180,........
Standard(re-inject),16384,0.9,7,0,ok,,41285,........
Standard(re-inject),16384,0.9,8,0,ok,,44814,........
Standard(re-inject),16384,0.9,9,0,ok,,61876,........
Standard(re-inject),32768,0.1,0,0,ok,,27154,........
Standard(re-inject),32768,0.1,1,0,ok,,98039,........
Standard(re-inject),32768,0.1,2,0,ok,,94607,........
Standard(re-inject),32768,0.1,3,0,ok,,49321,........
Standard(re-inject),32768,0.1,4,0,ok,,69929,........
Standard(re-inject),32768,0.1,5,0,ok,,51441,........
Standard(re-inject),32768,0.1,6,0,ok,,19508,........
Standard(re-inject),32768,0.1,7,0,ok,,11220,........
Standard(re-inject),32768,0.1,8,0,ok,,70068,........
Standard(re-inject),32768,0.1,9,0,ok,,91416,........
Standard(re-inject),32768,0.3,0,0,ok,,83792,........
Standard(re-inject),32768,0.3,1,0,ok,,23104,........
Standard(re-inject),32768,0.3,2,0,ok,,19602,........
Standard(re-inject),32768,0.3,3,0,ok,,80468,........
Standard(re-inject),32768,0.3,4,0,ok,,37938,........
Standard(re-inject),32768,0.3,5,0,ok,,76307,........
Standard(re-inject),32768,0.3,6,0,ok,,44760,........
Standard(re-inject),32768,0.3,7,0,ok,,27361,........
Standard(re-inject),32768,0.3,8,0,ok,,55745,........
Standard(re-inject),32768,0.3,9,0,ok,,19016,........
Standard(re-inject),32768,0.5,0,0,ok,,42018,........
Standard(re-inject),32768,0.5,1,0,ok,,58434,........
Standard(re-inject),32768,0.5,2,0,ok,,47353,........
Standard(re-inject),32768,0.5,3,0,ok,,30676,........
Standard(re-inject),32768,0.5,4,0,ok,,67433,........
Standard(re-inject),32768,0.5,5,0,ok,,81200,........
Standard(re-inject),32768,0.5,6,0,ok,,49651,........
Standard(re-inject),32768,0.5,7,0,ok,,90173,........
Standard(re-inject),32768,0.5,8,0,ok,,95717,........
Standard(re-inject),32768,0.5,9,0,ok,,79329,........
Standard(re-inject),32768,0.7,0,0,ok,,11025,........
Standard(re-inject),32768,0.7,1,0,ok,,97538,........
Standard(re-inject),32768,0.7,2,0,ok,,82692,........
Standard(re-inject),32768,0.7,3,0,ok,,49240,........
Standard(re-inject),32768,0.7,4,0,ok,,96951,........
Standard(re-inject),32768,0.7,5,0,ok,,23577,........
Standard(re-inject),32768,0.7,6,0,ok,,27601,........
Standard(re-inject),32768,0.7,7,0,ok,,44664,........
Standard(re-inject),32768,0.7,8,0,ok,,25129,........
Standard(re-inject),32768,0.7,9,0,ok,,24029,........
Standard(re-inject),32768,0.9,0,0,ok,,82512,........
Standard(re-inject),32768,0.9,1,0,ok,,30374,........
Standard(re-inject),32768,0.9,2,0,ok,,45697,........
Standard(re-inject),32768,0.9,3,0,ok,,46930,........
Standard(re-inject),32768,0.9,4,0,ok,,89276,........
Standard(re-inject),32768,0.9,5,0,ok,,37607,........
Standard(re-inject),32768,0.9,6,0,ok,,54942,........
Standard(re-inject),32768,0.9,7,0,ok,,36685,........
Standard(re-inject),32768,0.9,8,0,ok,,93130,........
Standard(re-inject),32768,0.9,9,0,ok,,44600,........
Sigmoid(Formula),4096,0.1,0,0,ok,1,76244, The 1 gun  The  The
Sigmoid(Formula),4096,0.1,1,0,ok,1,74032, The 1 gun  The  The
Sigmoid(Formula),4096,0.1,2,0,ok,1,42914, The 1 gun  The  The
Sigmoid(Formula),4096,0.1,3,0,ok,1,16658, The 1 gun  The  The
Sigmoid(Formula),4096,0.1,4,0,ok,1,22097, The 1 gun  The  The
Sigmoid(Formula),4096,0.1,5,0,ok,1,93136, The 1 gun  The  The
Sigmoid(Formula),4096,0.1,6,0,ok,1,65518, The 1 gun  The  The
Sigmoid(Formula),4096,0.1,7,0,ok,1,46265, The 1 gun  The  The
Sigmoid(Formula),4096,0.1,8,0,ok,1,15778, The 1 gun  The  The
Sigmoid(Formula),4096,0.1,9,0,ok,1,10464, The 1 gun  The  The
Sigmoid(Formula),4096,0.3,0,0,ok,1,53719, the  The 1 gun  The
Sigmoid(Formula),4096,0.3,1,0,ok,1,27146, the  The 1 gun  The
Sigmoid(Formula),4096,0.3,2,0,ok,1,93507, the  The 1 gun  The
Sigmoid(Formula),4096,0.3,3,0,ok,1,44335, the  The 1 gun  The
Sigmoid(Formula),4096,0.3,4,0,ok,1,31178, the  The 1 gun  The
Sigmoid(Formula),4096,0.3,5,0,ok,1,67912, the  The 1 gun  The
Sigmoid(Formula),4096,0.3,6,0,ok,1,82309, the  The 1 gun  The
Sigmoid(Formula),4096,0.3,7,0,ok,1,66057, the  The 1 gun  The
Sigmoid(Formula),4096,0.3,8,0,ok,1,83519, the  The 1 gun  The
Sigmoid(Formula),4096,0.3,9,0,ok,1,11267, the  The 1 gun  The
Sigmoid(Formula),4096,0.5,0,0,ok,1,24663, the  The 1 gun  The
Sigmoid(Formula),4096,0.5,1,0,ok,1,19862, the  The 1 gun  The
Sigmoid(Formula),4096,0.5,2,0,ok,1,29536, the  The 1 gun  The
Sigmoid(Formula),4096,0.5,3,0,ok,1,81511, the  The 1 gun  The
Sigmoid(Formula),4096,0.5,4,0,ok,1,14722, the  The 1 gun  The
Sigmoid(Formula),4096,0.5,5,0,ok,1,58393, the  The 1 gun  The
Sigmoid(Formula),4096,0.5,6,0,ok,1,86350, the  The 1 gun  The
Sigmoid(Formula),4096,0.5,7,0,ok,1,82420, the  The 1 gun  The
Sigmoid(Formula),4096,0.5,8,0,ok,1,29410, the  The 1 gun  The
Sigmoid(Formula),4096,0.5,9,0,ok,1,66333, the  The 1 gun  The
Sigmoid(Formula),4096,0.7,0,0,ok,1,26704, the  The 1 gun  The
Sigmoid(Formula),4096,0.7,1,0,ok,1,15482, the  The 1 gun  The
Sigmoid(Formula),4096,0.7,2,0,ok,1,50404, the  The 1 gun  The
Sigmoid(Formula),4096,0.7,3,0,ok,1,57795, the  The 1 gun  The
Sigmoid(Formula),4096,0.7,4,0,ok,1,15229, the  The 1 gun  The
Sigmoid(Formula),4096,0.7,5,0,ok,1,56898, the  The 1 gun  The
Sigmoid(Formula),4096,0.7,6,0,ok,1,37535, the  The 1 gun  The
Sigmoid(Formula),4096,0.7,7,0,ok,1,99399, the  The 1 gun  The
Sigmoid(Formula),4096,0.7,8,0,ok,1,42706, the  The 1 gun  The
Sigmoid(Formula),4096,0.7,9,0,ok,1,97416, the  The 1 gun  The
Sigmoid(Formula),4096,0.9,0,0,ok,,23473, the  The is the gun  The
Sigmoid(Formula),4096,0.9,1,0,ok,,56357, the  The is the gun  The
Sigmoid(Formula),4096,0.9,2,0,ok,,83385, the  The is the gun  The
Sigmoid(Formula),4096,0.9,3,0,ok,,63264, the  The is the gun  The
Sigmoid(Formula),4096,0.9,4,0,ok,,91351, the  The is the gun  The
Sigmoid(Formula),4096,0.9,5,0,ok,,30257, the  The is the gun  The
Sigmoid(Formula),4096,0.9,6,0,ok,,41029, the  The is the gun  The
Sigmoid(Formula),4096,0.9,7,0,ok,,31299, the  The is the gun  The
Sigmoid(Formula),4096,0.9,8,0,ok,,33206, the  The is the gun  The
Sigmoid(Formula),4096,0.9,9,0,ok,,64040, the  The is the gun  The
Sigmoid(Formula),8192,0.1,0,0,ok,1201,13248, the 1 the  the 201
Sigmoid(Formula),8192,0.1,1,0,ok,1201,33509, the 1 the  the 201
Sigmoid(Formula),8192,0.1,2,0,ok,1201,53540, the 1 the  the 201
Sigmoid(Formula),8192,0.1,3,0,ok,1201,63964, the 1 the  the 201
Sigmoid(Formula),8192,0.1,4,0,ok,1201,97806, the 1 the  the 201
Sigmoid(Formula),8192,0.1,5,0,ok,1201,42527, the 1 the  the 201
Sigmoid(Formula),8192,0.1,6,0,ok,1201,44970, the 1 the  the 201
Sigmoid(Formula),8192,0.1,7,0,ok,1201,30866, the 1 the  the 201
Sigmoid(Formula),8192,0.1,8,0,ok,1201,24168, the 1 the  the 201
Sigmoid(Formula),8192,0.1,9,0,ok,1201,60140, the 1 the  the 201
Sigmoid(Formula),8192,0.3,0,0,ok,201,15075, the 201 theÂ the  the
Sigmoid(Formula),8192,0.3,1,0,ok,201,71694, the 201 theÂ the  the
Sigmoid(Formula),8192,0.3,2,0,ok,201,39154, the 201 theÂ the  the
Sigmoid(Formula),8192,0.3,3,0,ok,201201,36158, the 201 the  the 201
Sigmoid(Formula),8192,0.3,4,0,ok,201201,70332, the 201 the  the 201
Sigmoid(Formula),8192,0.3,5,0,ok,201201,55830, the 201 the  the 201
Sigmoid(Formula),8192,0.3,6,0,ok,201201,50001, the 201 the  the 201
Sigmoid(Formula),8192,0.3,7,0,ok,201201,39831, the 201 the  the 201
Sigmoid(Formula),8192,0.3,8,0,ok,201,39219, the 201 theÂ the  the
Sigmoid(Formula),8192,0.3,9,0,ok,201201,13101, the 201 the  the 201
Sigmoid(Formula),8192,0.5,0,0,ok,201201,96511, the 201 the  the 201
Sigmoid(Formula),8192,0.5,1,0,ok,201201,35313, the 201 the  the 201
Sigmoid(Formula),8192,0.5,2,0,ok,201201,62227, the 201 the  the 201
Sigmoid(Formula),8192,0.5,3,0,ok,201201,53025, the 201 the  the 201
Sigmoid(Formula),8192,0.5,4,0,ok,201201,46517, the 201 the  the 201
Sigmoid(Formula),8192,0.5,5,0,ok,201201,19099, the 201 the  the 201
Sigmoid(Formula),8192,0.5,6,0,ok,201201,46585, the 201 the  the 201
Sigmoid(Formula),8192,0.5,7,0,ok,201201,56025, the 201 the  the 201
Sigmoid(Formula),8192,0.5,8,0,ok,201201,94080, the 201 the  the 201
Sigmoid(Formula),8192,0.5,9,0,ok,201201,76768, the 201 the  the 201
Sigmoid(Formula),8192,0.7,0,0,ok,2012,62386, the 201 2 is the 
Sigmoid(Formula),8192,0.7,1,0,ok,2012,99065, the 201 2 is the 
Sigmoid(Formula),8192,0.7,2,0,ok,2012,80282, the 201 2 is the 
Sigmoid(Formula),8192,0.7,3,0,ok,2012,53404, the 201 2 is the 
Sigmoid(Formula),8192,0.7,4,0,ok,2012,13617, the 201 2 is the 
Sigmoid(Formula),8192,0.7,5,0,ok,2012,25118, the 201 2 is the 
Sigmoid(Formula),8192,0.7,6,0,ok,2012,44237, the 201 2 is the 
Sigmoid(Formula),8192,0.7,7,0,ok,2012,33405, the 201 2 is the 
Sigmoid(Formula),8192,0.7,8,0,ok,2012,86099, the 201 2 is the 
Sigmoid(Formula),8192,0.7,9,0,ok,2012,44795, the 201 2 is the 
Sigmoid(Formula),8192,0.9,0,0,ok,0,15014, the 0 theÂ the  the
Sigmoid(Formula),8192,0.9,1,0,ok,0201,24208, the 0 the  the 201
Sigmoid(Formula),8192,0.9,2,0,ok,0201,88193, the 0 the  the 201
Sigmoid(Formula),8192,0.9,3,0,ok,0,66959, the 0 theÂ the  the
Sigmoid(Formula),8192,0.9,4,0,ok,0,55309, the 0 theÂ the  the
Sigmoid(Formula),8192,0.9,5,0,ok,0,51114, the 0 theÂ the  the
Sigmoid(Formula),8192,0.9,6,0,ok,0201,67199, the 0 the  the 201
Sigmoid(Formula),8192,0.9,7,0,ok,0201,89457, the 0 the  the 201
Sigmoid(Formula),8192,0.9,8,0,ok,0,77033, the 0 theÂ the  the
Sigmoid(Formula),8192,0.9,9,0,ok,0,25157, the 0 theÂ the  the
Sigmoid(Formula),16384,0.1,0,0,ok,0201,60488,   The 0 201 
Sigmoid(Formula),16384,0.1,1,0,ok,0201,85574,   The 0 201 
Sigmoid(Formula),16384,0.1,2,0,ok,00201,34914,  0 0 201 
Sigmoid(Formula),16384,0.1,3,0,ok,0201,43386,   The 0 201 
Sigmoid(Formula),16384,0.1,4,0,ok,00201,15817,  0 0 201 
Sigmoid(Formula),16384,0.1,5,0,ok,00201,67154,  0 0 201 
Sigmoid(Formula),16384,0.1,6,0,ok,0201,10221,   The 0 201 
Sigmoid(Formula),16384,0.1,7,0,ok,00201,78146,  0 0 201 
Sigmoid(Formula),16384,0.1,8,0,ok,0201,80575,   The 0 201 
Sigmoid(Formula),16384,0.1,9,0,ok,0201,97900,   The 0 201 
Sigmoid(Formula),16384,0.3,0,0,ok,0201201,35825,  0 201 201 
Sigmoid(Formula),16384,0.3,1,0,ok,0201201,57739,  0 201 201 
Sigmoid(Formula),16384,0.3,2,0,ok,0201201,66531,  0 201 201 
Sigmoid(Formula),16384,0.3,3,0,ok,0201201,19171,  0 201 201 
Sigmoid(Formula),16384,0.3,4,0,ok,0201201,97062,  0 201 201 
Sigmoid(Formula),16384,0.3,5,0,ok,0201201,53279,  0 201 201 
Sigmoid(Formula),16384,0.3,6,0,ok,0201201,91678,  0 201 201 
Sigmoid(Formula),16384,0.3,7,0,ok,0201201,51145,  0 201 201 
Sigmoid(Formula),16384,0.3,8,0,ok,0201201,96951,  0 201 201 
Sigmoid(Formula),16384,0.3,9,0,ok,0201201,26334,  0 201 201 
Sigmoid(Formula),16384,0.5,0,0,ok,201201,49363,  201  The 201 
Sigmoid(Formula),16384,0.5,1,0,ok,201201,76469,  201  The 201 
Sigmoid(Formula),16384,0.5,2,0,ok,201201,50538,  201  The 201 
Sigmoid(Formula),16384,0.5,3,0,ok,201201,97410,  201  The 201 
Sigmoid(Formula),16384,0.5,4,0,ok,201201,63528,  201  The 201 
Sigmoid(Formula),16384,0.5,5,0,ok,201201,52753,  201  The 201 
Sigmoid(Formula),16384,0.5,6,0,ok,201201,62743,  201  The 201 
Sigmoid(Formula),16384,0.5,7,0,ok,201201,48752,  201  The 201 
Sigmoid(Formula),16384,0.5,8,0,ok,201201,82667,  201  The 201 
Sigmoid(Formula),16384,0.5,9,0,ok,201201,26683,  201  The 201 
Sigmoid(Formula),16384,0.7,0,0,ok,201201201,35144, the 201 201 201 
Sigmoid(Formula),16384,0.7,1,0,ok,201201201,65108, the 201 201 201 
Sigmoid(Formula),16384,0.7,2,0,ok,201201201,97153, the 201 201 201 
Sigmoid(Formula),16384,0.7,3,0,ok,201201201,59695, the 201 201 201 
Sigmoid(Formula),16384,0.7,4,0,ok,201201201,98777, the 201 201 201 
Sigmoid(Formula),16384,0.7,5,0,ok,201201201,32810, the 201 201 201 
Sigmoid(Formula),16384,0.7,6,0,ok,201201201,90676, the 201 201 201 
Sigmoid(Formula),16384,0.7,7,0,ok,201201201,84593, the 201 201 201 
Sigmoid(Formula),16384,0.7,8,0,ok,201201201,49446, the 201 201 201 
Sigmoid(Formula),16384,0.7,9,0,ok,201201201,63225, the 201 201 201 
Sigmoid(Formula),16384,0.9,0,0,ok,0201201,81819, the 0 201 201 
Sigmoid(Formula),16384,0.9,1,0,ok,0201201,10053, the 0 201 201 
Sigmoid(Formula),16384,0.9,2,0,ok,0201201,49829, the 0 201 201 
Sigmoid(Formula),16384,0.9,3,0,ok,0201201,47606, the 0 201 201 
Sigmoid(Formula),16384,0.9,4,0,ok,0201201,37549, the 0 201 201 
Sigmoid(Formula),16384,0.9,5,0,ok,0201201,66346, the 0 201 201 
Sigmoid(Formula),16384,0.9,6,0,ok,0201201,86019, the 0 201 201 
Sigmoid(Formula),16384,0.9,7,0,ok,0201201,89516, the 0 201 201 
Sigmoid(Formula),16384,0.9,8,0,ok,0201201,95813, the 0 201 201 
Sigmoid(Formula),16384,0.9,9,0,ok,0201201,52237, the 0 201 201 
Sigmoid(Formula),32768,0.1,0,0,ok,201,70946,    201theThe the
Sigmoid(Formula),32768,0.1,1,0,ok,201,67905,    201theThe the
Sigmoid(Formula),32768,0.1,2,0,ok,201,67954,    201theThe the
Sigmoid(Formula),32768,0.1,3,0,ok,201,98555,    201theThe the
Sigmoid(Formula),32768,0.1,4,0,ok,201,38010,    201theThe the
Sigmoid(Formula),32768,0.1,5,0,ok,201,77000,    201theThe the
Sigmoid(Formula),32768,0.1,6,0,ok,201,72021,    201theThe the
Sigmoid(Formula),32768,0.1,7,0,ok,201,32241,    201theThe the
Sigmoid(Formula),32768,0.1,8,0,ok,201,96356,    201theThe the
Sigmoid(Formula),32768,0.1,9,0,ok,201,21114,    201theThe the
Sigmoid(Formula),32768,0.3,0,0,ok,201,47196,  201The the   
Sigmoid(Formula),32768,0.3,1,0,ok,201,77561,  201The the   
Sigmoid(Formula),32768,0.3,2,0,ok,201,97012,  201The the   
Sigmoid(Formula),32768,0.3,3,0,ok,201,92960,  201The the   
Sigmoid(Formula),32768,0.3,4,0,ok,201,91167,  201The the   
Sigmoid(Formula),32768,0.3,5,0,ok,201,53933,  201The the   
Sigmoid(Formula),32768,0.3,6,0,ok,201,22240,  201The the   
Sigmoid(Formula),32768,0.3,7,0,ok,201,40784,  201The the   
Sigmoid(Formula),32768,0.3,8,0,ok,201,98184,  201The the   
Sigmoid(Formula),32768,0.3,9,0,ok,201,50687,  201The the   
Sigmoid(Formula),32768,0.5,0,0,ok,201,39444,  201The the   
Sigmoid(Formula),32768,0.5,1,0,ok,201,36100,  201The the   
Sigmoid(Formula),32768,0.5,2,0,ok,201,29313,  201The the   
Sigmoid(Formula),32768,0.5,3,0,ok,201,13201,  201The the   
Sigmoid(Formula),32768,0.5,4,0,ok,201,16057,  201The the   
Sigmoid(Formula),32768,0.5,5,0,ok,201,42092,  201The the   
Sigmoid(Formula),32768,0.5,6,0,ok,201,72277,  201The the   
Sigmoid(Formula),32768,0.5,7,0,ok,201,90120,  201The the   
Sigmoid(Formula),32768,0.5,8,0,ok,201,19545,  201The the   
Sigmoid(Formula),32768,0.5,9,0,ok,201,69692,  201The the   
Sigmoid(Formula),32768,0.7,0,0,ok,,64321,  theThe the   
Sigmoid(Formula),32768,0.7,1,0,ok,201,92544,   201thetheTheThe
Sigmoid(Formula),32768,0.7,2,0,ok,201,85454,   201The the  
Sigmoid(Formula),32768,0.7,3,0,ok,201,35485,   201thetheTheThe
Sigmoid(Formula),32768,0.7,4,0,ok,201,60328,   201thetheTheThe
Sigmoid(Formula),32768,0.7,5,0,ok,201,74799,   201thetheTheThe
Sigmoid(Formula),32768,0.7,6,0,ok,201,62383,   201thetheTheThe
Sigmoid(Formula),32768,0.7,7,0,ok,,41979,  theThe the   
Sigmoid(Formula),32768,0.7,8,0,ok,201,29342,   201thetheTheThe
Sigmoid(Formula),32768,0.7,9,0,ok,201,95990,   201The the  
Sigmoid(Formula),32768,0.9,0,0,ok,201,10726,   201thethetheThe
Sigmoid(Formula),32768,0.9,1,0,ok,201,23970,   201thethetheThe
Sigmoid(Formula),32768,0.9,2,0,ok,201,65724,   201thethetheThe
Sigmoid(Formula),32768,0.9,3,0,ok,201,38683,   201thethetheThe
Sigmoid(Formula),32768,0.9,4,0,ok,201,33053,   201thethetheThe
Sigmoid(Formula),32768,0.9,5,0,ok,201,77889,   201thethetheThe
Sigmoid(Formula),32768,0.9,6,0,ok,201,70889,   201thethetheThe
Sigmoid(Formula),32768,0.9,7,0,ok,201,16582,   201thethetheThe
Sigmoid(Formula),32768,0.9,8,0,ok,201,83060,   201thethetheThe
Sigmoid(Formula),32768,0.9,9,0,ok,201,42662,   201thethetheThe
Sigmoid(Grid-Opt),4096,0.1,0,0,ok,,25906, the  theÂThe is the is
Sigmoid(Grid-Opt),4096,0.1,1,0,ok,,69829, the  theÂThe is the is
Sigmoid(Grid-Opt),4096,0.1,2,0,ok,,27477, the  theÂThe is the is
Sigmoid(Grid-Opt),4096,0.1,3,0,ok,,70901, the  theÂThe is the is
Sigmoid(Grid-Opt),4096,0.1,4,0,ok,,97500, the  theÂThe is the is
Sigmoid(Grid-Opt),4096,0.1,5,0,ok,,79616, the  theÂThe is the is
Sigmoid(Grid-Opt),4096,0.1,6,0,ok,,83259, the  theÂThe is the is
Sigmoid(Grid-Opt),4096,0.1,7,0,ok,,88047, the  theÂThe is the is
Sigmoid(Grid-Opt),4096,0.1,8,0,ok,,51588, the  theÂThe is the is
Sigmoid(Grid-Opt),4096,0.1,9,0,ok,,68008, the  theÂThe is the is
Sigmoid(Grid-Opt),4096,0.3,0,0,ok,,90301, the  theÂ the  the is
Sigmoid(Grid-Opt),4096,0.3,1,0,ok,,76162, the  theÂ the  the is
Sigmoid(Grid-Opt),4096,0.3,2,0,ok,,65933, the  theÂ the  the is
Sigmoid(Grid-Opt),4096,0.3,3,0,ok,,81810, the  theÂ the  the 
Sigmoid(Grid-Opt),4096,0.3,4,0,ok,,68446, the  theÂ the  the is
Sigmoid(Grid-Opt),4096,0.3,5,0,ok,,30861, the  theÂ the  the 
Sigmoid(Grid-Opt),4096,0.3,6,0,ok,,72216, the  theÂ the  the is
Sigmoid(Grid-Opt),4096,0.3,7,0,ok,,68991, the  theÂ the  the is
Sigmoid(Grid-Opt),4096,0.3,8,0,ok,,43972, the  theÂ the  the is
Sigmoid(Grid-Opt),4096,0.3,9,0,ok,,42406, the  theÂ the  the is
Sigmoid(Grid-Opt),4096,0.5,0,0,ok,,93579, the  theÂ the is the is
Sigmoid(Grid-Opt),4096,0.5,1,0,ok,,46347, the  the is the is the is
Sigmoid(Grid-Opt),4096,0.5,2,0,ok,,78327, the  the is the is the is
Sigmoid(Grid-Opt),4096,0.5,3,0,ok,,73517, the  theÂT is the is
Sigmoid(Grid-Opt),4096,0.5,4,0,ok,,92149, the  theÂ the is the is
Sigmoid(Grid-Opt),4096,0.5,5,0,ok,,41358, the  theÂ the is the is
Sigmoid(Grid-Opt),4096,0.5,6,0,ok,,45992, the  theÂ the is the is
Sigmoid(Grid-Opt),4096,0.5,7,0,ok,,67654, the  the is the is the is
Sigmoid(Grid-Opt),4096,0.5,8,0,ok,,20155, the  the is the is the is
Sigmoid(Grid-Opt),4096,0.5,9,0,ok,,47450, the  the is the is the is
Sigmoid(Grid-Opt),4096,0.7,0,0,ok,,40735, (  the is the is the is
Sigmoid(Grid-Opt),4096,0.7,1,0,ok,,45614, the  the is the is the is
Sigmoid(Grid-Opt),4096,0.7,2,0,ok,,54020, the  the is the is the is
Sigmoid(Grid-Opt),4096,0.7,3,0,ok,,51904, the  the is the is the is
Sigmoid(Grid-Opt),4096,0.7,4,0,ok,,80798, the  the is the is the is
Sigmoid(Grid-Opt),4096,0.7,5,0,ok,,20561, the  the is the is the is
Sigmoid(Grid-Opt),4096,0.7,6,0,ok,,28136, (  the is the is the is
Sigmoid(Grid-Opt),4096,0.7,7,0,ok,,29769, the  the is the is the is
Sigmoid(Grid-Opt),4096,0.7,8,0,ok,,40311, the  the is the is the is
Sigmoid(Grid-Opt),4096,0.7,9,0,ok,,60205, (  the is the is the is
Sigmoid(Grid-Opt),4096,0.9,0,0,ok,,30028, the  the is the is the 
Sigmoid(Grid-Opt),4096,0.9,1,0,ok,,38043, the  the is the is the 
Sigmoid(Grid-Opt),4096,0.9,2,0,ok,,18418, (  the is the is the 
Sigmoid(Grid-Opt),4096,0.9,3,0,ok,,64377, the  the is the is the 
Sigmoid(Grid-Opt),4096,0.9,4,0,ok,,63424, (  the is the is the 
Sigmoid(Grid-Opt),4096,0.9,5,0,ok,,53369, the  the is the is the 
Sigmoid(Grid-Opt),4096,0.9,6,0,ok,,81121, (  the is the is the 
Sigmoid(Grid-Opt),4096,0.9,7,0,ok,,71069, the  the is the is the 
Sigmoid(Grid-Opt),4096,0.9,8,0,ok,,64496, the  the is the is the 
Sigmoid(Grid-Opt),4096,0.9,9,0,ok,,18161, the  the is the is the 
Sigmoid(Grid-Opt),8192,0.1,0,0,ok,0,37110,Â 0 the. is  the
Sigmoid(Grid-Opt),8192,0.1,1,0,ok,0,65069,Â 0 the. is.
Sigmoid(Grid-Opt),8192,0.1,2,0,ok,0,61049,Â 0 the. is  the
Sigmoid(Grid-Opt),8192,0.1,3,0,ok,0,86556,Â 0 the. is  the
Sigmoid(Grid-Opt),8192,0.1,4,0,ok,0,12560,Â 0 the. is  the
Sigmoid(Grid-Opt),8192,0.1,5,0,ok,0,85456, the 0 the. is.
Sigmoid(Grid-Opt),8192,0.1,6,0,ok,0,59857,Â 0 the. is.
Sigmoid(Grid-Opt),8192,0.1,7,0,ok,0,72518,Â 0 the. is.
Sigmoid(Grid-Opt),8192,0.1,8,0,ok,0,10772,Â 0 the. is  the
Sigmoid(Grid-Opt),8192,0.1,9,0,ok,0,56105,Â 0 the. is.
Sigmoid(Grid-Opt),8192,0.3,0,0,ok,00,49139, the 0 the. 0.
Sigmoid(Grid-Opt),8192,0.3,1,0,ok,00,61116, the 0 the. 0.
Sigmoid(Grid-Opt),8192,0.3,2,0,ok,00,64921, the 0 the. 0.
Sigmoid(Grid-Opt),8192,0.3,3,0,ok,00,80545, the 0 the. 0.
Sigmoid(Grid-Opt),8192,0.3,4,0,ok,00,81582, the 0 the. 0.
Sigmoid(Grid-Opt),8192,0.3,5,0,ok,00,89069, the 0 the. 0.
Sigmoid(Grid-Opt),8192,0.3,6,0,ok,00,38906, the 0 the. 0.
Sigmoid(Grid-Opt),8192,0.3,7,0,ok,00,73993, the 0 the. 0.
Sigmoid(Grid-Opt),8192,0.3,8,0,ok,00,38760, the 0 the. 0.
Sigmoid(Grid-Opt),8192,0.3,9,0,ok,00,45774, the 0 the. 0 to
Sigmoid(Grid-Opt),8192,0.5,0,0,ok,00,67125, the 0 the  the 0
Sigmoid(Grid-Opt),8192,0.5,1,0,ok,00,73654, the 0 the  the 0
Sigmoid(Grid-Opt),8192,0.5,2,0,ok,00,13804, the 0 the  the 0
Sigmoid(Grid-Opt),8192,0.5,3,0,ok,00,60968, the 0 the  the 0
Sigmoid(Grid-Opt),8192,0.5,4,0,ok,00,54057, the 0 the  the 0
Sigmoid(Grid-Opt),8192,0.5,5,0,ok,00,97670, the 0 the  the 0
Sigmoid(Grid-Opt),8192,0.5,6,0,ok,00,99016, the 0 the  the 0
Sigmoid(Grid-Opt),8192,0.5,7,0,ok,00,62994, the 0 the  the 0
Sigmoid(Grid-Opt),8192,0.5,8,0,ok,00,31632, the 0 the  the 0
Sigmoid(Grid-Opt),8192,0.5,9,0,ok,00,71261, the 0 the  the 0
Sigmoid(Grid-Opt),8192,0.7,0,0,ok,00,26728, the 0 the  the 0
Sigmoid(Grid-Opt),8192,0.7,1,0,ok,00,91560, the 0 the  the 0
Sigmoid(Grid-Opt),8192,0.7,2,0,ok,00,80008, the 0 the  the 0
Sigmoid(Grid-Opt),8192,0.7,3,0,ok,00,13534, the 0 the  the 0
Sigmoid(Grid-Opt),8192,0.7,4,0,ok,00,61645, the 0 the  the 0
Sigmoid(Grid-Opt),8192,0.7,5,0,ok,00,87580, the 0 the  the 0
Sigmoid(Grid-Opt),8192,0.7,6,0,ok,00,83975, the 0 the  the 0
Sigmoid(Grid-Opt),8192,0.7,7,0,ok,00,96900, the 0 the  the 0
Sigmoid(Grid-Opt),8192,0.7,8,0,ok,00,13552, the 0 the  the 0
Sigmoid(Grid-Opt),8192,0.7,9,0,ok,00,21003, the 0 the  the 0
Sigmoid(Grid-Opt),8192,0.9,0,0,ok,00,94246, the 0 the  the 0
Sigmoid(Grid-Opt),8192,0.9,1,0,ok,00,66179, the 0 the  the 0
Sigmoid(Grid-Opt),8192,0.9,2,0,ok,00,27786, the 0 the  the 0
Sigmoid(Grid-Opt),8192,0.9,3,0,ok,00,70515, the 0 the  the 0
Sigmoid(Grid-Opt),8192,0.9,4,0,ok,00,33819, the 0 the  the 0
Sigmoid(Grid-Opt),8192,0.9,5,0,ok,00,16590, the 0 the  the 0
Sigmoid(Grid-Opt),8192,0.9,6,0,ok,00,44099, the 0 the  the 0
Sigmoid(Grid-Opt),8192,0.9,7,0,ok,00,59689, the 0 the  the 0
Sigmoid(Grid-Opt),8192,0.9,8,0,ok,00,52906, the 0 the  the 0
Sigmoid(Grid-Opt),8192,0.9,9,0,ok,00,37742, the 0 the  the 0
Sigmoid(Grid-Opt),16384,0.1,0,0,ok,00,69598, the 0.  0 
Sigmoid(Grid-Opt),16384,0.1,1,0,ok,0,52840, the 0the the   
Sigmoid(Grid-Opt),16384,0.1,2,0,ok,00,54236, the 0.  0 
Sigmoid(Grid-Opt),16384,0.1,3,0,ok,00,59692, the 0.  0 
Sigmoid(Grid-Opt),16384,0.1,4,0,ok,00,46471, the 0.  0 
Sigmoid(Grid-Opt),16384,0.1,5,0,ok,00,65255, the 0.  0 
Sigmoid(Grid-Opt),16384,0.1,6,0,ok,00,43065, the 0.  0 
Sigmoid(Grid-Opt),16384,0.1,7,0,ok,0,20735, the 0the the   
Sigmoid(Grid-Opt),16384,0.1,8,0,ok,00,71644, the 0.  0 
Sigmoid(Grid-Opt),16384,0.1,9,0,ok,00,12540, the 0.  0 
Sigmoid(Grid-Opt),16384,0.3,0,0,ok,201,80702,  the 201 the is  the
Sigmoid(Grid-Opt),16384,0.3,1,0,ok,201,16826,  the 201 the is  the
Sigmoid(Grid-Opt),16384,0.3,2,0,ok,201,55870,  the 201 the is  the
Sigmoid(Grid-Opt),16384,0.3,3,0,ok,201,39389,  the 201 the is  the
Sigmoid(Grid-Opt),16384,0.3,4,0,ok,201,95215,  the 201 the is  the
Sigmoid(Grid-Opt),16384,0.3,5,0,ok,201,18993,  the 201 the is  the
Sigmoid(Grid-Opt),16384,0.3,6,0,ok,201,95426,  the 201 the is  the
Sigmoid(Grid-Opt),16384,0.3,7,0,ok,201,15276,  the 201 the is  the
Sigmoid(Grid-Opt),16384,0.3,8,0,ok,201,14067,  the 201 the is  the
Sigmoid(Grid-Opt),16384,0.3,9,0,ok,201,42411,  the 201 the is  the
Sigmoid(Grid-Opt),16384,0.5,0,0,ok,0201,36130,  0.  201 
Sigmoid(Grid-Opt),16384,0.5,1,0,ok,0201,12671,  0.  201 
Sigmoid(Grid-Opt),16384,0.5,2,0,ok,,91439,  the is the  Âthe
Sigmoid(Grid-Opt),16384,0.5,3,0,ok,0201,29973,  0.  201 
Sigmoid(Grid-Opt),16384,0.5,4,0,ok,0,41266,  0 the is the  
Sigmoid(Grid-Opt),16384,0.5,5,0,ok,0,26544,  0 the is the  
Sigmoid(Grid-Opt),16384,0.5,6,0,ok,0201,72070,  0.  201 
Sigmoid(Grid-Opt),16384,0.5,7,0,ok,0,97747,  0 the is the  
Sigmoid(Grid-Opt),16384,0.5,8,0,ok,0201,24993,  0.  201 
Sigmoid(Grid-Opt),16384,0.5,9,0,ok,0201,83920,  0.  201 
Sigmoid(Grid-Opt),16384,0.7,0,0,ok,,38569,ÂThe is the   the 
Sigmoid(Grid-Opt),16384,0.7,1,0,ok,201,70952,  the 201 the   the
Sigmoid(Grid-Opt),16384,0.7,2,0,ok,,43586,ÂThe is the   the 
Sigmoid(Grid-Opt),16384,0.7,3,0,ok,201,58351,  the 201 the   the
Sigmoid(Grid-Opt),16384,0.7,4,0,ok,201,31992,  the 201 the   the
Sigmoid(Grid-Opt),16384,0.7,5,0,ok,201,89415,  the 201 the   the
Sigmoid(Grid-Opt),16384,0.7,6,0,ok,,89593,ÂThe is the   the 
Sigmoid(Grid-Opt),16384,0.7,7,0,ok,,25012,ÂThe is the   the 
Sigmoid(Grid-Opt),16384,0.7,8,0,ok,201,31465,  the 201 the   the
Sigmoid(Grid-Opt),16384,0.7,9,0,ok,201,50768,  the 201 the   the
Sigmoid(Grid-Opt),16384,0.9,0,0,ok,0,24168,  0 is the   the
Sigmoid(Grid-Opt),16384,0.9,1,0,ok,0201,85849,  0 is   201
Sigmoid(Grid-Opt),16384,0.9,2,0,ok,0201,13365,  0 is   201
Sigmoid(Grid-Opt),16384,0.9,3,0,ok,0201,50888,  0 is   201
Sigmoid(Grid-Opt),16384,0.9,4,0,ok,0201,85470,  0 is   201
Sigmoid(Grid-Opt),16384,0.9,5,0,ok,0,98781,  0 is the   the
Sigmoid(Grid-Opt),16384,0.9,6,0,ok,0201,59192,  0 is   201
Sigmoid(Grid-Opt),16384,0.9,7,0,ok,0201,61990,  0 is   201
Sigmoid(Grid-Opt),16384,0.9,8,0,ok,0201,35995,  0 is   201
Sigmoid(Grid-Opt),16384,0.9,9,0,ok,0201,19961,  0 is   201
Sigmoid(Grid-Opt),32768,0.1,0,0,ok,0201,87607,  0.   201
Sigmoid(Grid-Opt),32768,0.1,1,0,ok,0201,92213,  0.   201
Sigmoid(Grid-Opt),32768,0.1,2,0,ok,0201,41830,  0.   201
Sigmoid(Grid-Opt),32768,0.1,3,0,ok,0201,23356,  0.   201
Sigmoid(Grid-Opt),32768,0.1,4,0,ok,0201,49529,  0.   201
Sigmoid(Grid-Opt),32768,0.1,5,0,ok,0201,99687,  0.   201
Sigmoid(Grid-Opt),32768,0.1,6,0,ok,0201,88697,  0.   201
Sigmoid(Grid-Opt),32768,0.1,7,0,ok,0201,25866,  0.   201
Sigmoid(Grid-Opt),32768,0.1,8,0,ok,0201,84177,  0.   201
Sigmoid(Grid-Opt),32768,0.1,9,0,ok,0201,15383,  0.   201
Sigmoid(Grid-Opt),32768,0.3,0,0,ok,0201,55508,  0.   201
Sigmoid(Grid-Opt),32768,0.3,1,0,ok,0201,79827,  0.   201
Sigmoid(Grid-Opt),32768,0.3,2,0,ok,0201,66148,  0.   201
Sigmoid(Grid-Opt),32768,0.3,3,0,ok,0201,96706,  0.   201
Sigmoid(Grid-Opt),32768,0.3,4,0,ok,0201,58571,  0.   201
Sigmoid(Grid-Opt),32768,0.3,5,0,ok,0201,19038,  0.   201
Sigmoid(Grid-Opt),32768,0.3,6,0,ok,0201,76317,  0.   201
Sigmoid(Grid-Opt),32768,0.3,7,0,ok,0201,94874,  0.   201
Sigmoid(Grid-Opt),32768,0.3,8,0,ok,0201,54725,  0.   201
Sigmoid(Grid-Opt),32768,0.3,9,0,ok,0201,11658,  0.   201
Sigmoid(Grid-Opt),32768,0.5,0,0,ok,00,65057,  0.  0 to
Sigmoid(Grid-Opt),32768,0.5,1,0,ok,00,74251,  0.  0 to
Sigmoid(Grid-Opt),32768,0.5,2,0,ok,00,23833,  0.  0 
Sigmoid(Grid-Opt),32768,0.5,3,0,ok,00,66822,  0.  0 
Sigmoid(Grid-Opt),32768,0.5,4,0,ok,00,57472,  0.  0 to
Sigmoid(Grid-Opt),32768,0.5,5,0,ok,00,93307,  0.  0 to
Sigmoid(Grid-Opt),32768,0.5,6,0,ok,00,70258,  0.  0 to
Sigmoid(Grid-Opt),32768,0.5,7,0,ok,00,30052,  0.  0 
Sigmoid(Grid-Opt),32768,0.5,8,0,ok,00,67080,  0.  0 
Sigmoid(Grid-Opt),32768,0.5,9,0,ok,00,33086,  0.  0 to
Sigmoid(Grid-Opt),32768,0.7,0,0,ok,0,78386,  0.   to the
Sigmoid(Grid-Opt),32768,0.7,1,0,ok,0,95256,  0.   to the
Sigmoid(Grid-Opt),32768,0.7,2,0,ok,0,45400,  0.   to the
Sigmoid(Grid-Opt),32768,0.7,3,0,ok,0,90728,  0.   to the
Sigmoid(Grid-Opt),32768,0.7,4,0,ok,0,80539,  0.   to the
Sigmoid(Grid-Opt),32768,0.7,5,0,ok,0,73372,  0.   to the
Sigmoid(Grid-Opt),32768,0.7,6,0,ok,0,70931,  0.   to the
Sigmoid(Grid-Opt),32768,0.7,7,0,ok,0,67091,  0.   to the
Sigmoid(Grid-Opt),32768,0.7,8,0,ok,0,87656,  0.   to the
Sigmoid(Grid-Opt),32768,0.7,9,0,ok,0,45179,  0.   to the
Sigmoid(Grid-Opt),32768,0.9,0,0,ok,0201,52245,  0.   201
Sigmoid(Grid-Opt),32768,0.9,1,0,ok,0201,42177,  0.   201
Sigmoid(Grid-Opt),32768,0.9,2,0,ok,0201,21359,  0.   201
Sigmoid(Grid-Opt),32768,0.9,3,0,ok,0201,46559,  0.   201
Sigmoid(Grid-Opt),32768,0.9,4,0,ok,0201,69087,  0.   201
Sigmoid(Grid-Opt),32768,0.9,5,0,ok,0201,41963,  0.   201
Sigmoid(Grid-Opt),32768,0.9,6,0,ok,0201,70910,  0.   201
Sigmoid(Grid-Opt),32768,0.9,7,0,ok,0201,84691,  0.   201
Sigmoid(Grid-Opt),32768,0.9,8,0,ok,0201,89997,  0.   201
Sigmoid(Grid-Opt),32768,0.9,9,0,ok,0201,97580,  0.   201
